module_id,module_name,roadmap_output,current_v0_1_status,current_code_paths,current_test_paths,current_preserved_boundary,current_deferred_behavior,phase_11_target_status,required_types,required_behaviors,prohibited_claims,dependencies,dependent_modules,proposed_build_stage,interface_contract,state_or_graph_effect,audit_requirements,rollback_requirements,acceptance_oracle,phase_12_plus_boundary,source_paths,open_decision_ids,notes
8.1,SymbolicStructure,Full SymbolicStructure behavior,IMPLEMENTED,aci_prototype/aci/core.py;aci_prototype/aci/parser.py,aci_prototype/tests/test_parser_boundary.py;aci_prototype/tests/test_enums_and_models.py,Provisional typed structure precedes review; candidacy is not achieved status.,General semantic parsing and embedded full relation/lineage behavior.,FULL_INTEGRATED_PHASE_11,SymbolicStructure;StructureType;SymbolicState;RelationRef;LineageRef,"Validate typed content, relations, lineage, eligibility, and metadata binding.",General language understanding; truth from structure; status from candidacy.,8.2;8.7,8.3;8.9;8.11;8.16;8.18,P11-STAGE-02,"Immutable typed structure accepted only through declared constructors/adapters. Phase 11 uses versioned contracts and explicit v0.1 adapters; runtime inputs must be complete durable records with backward-valid references, never representative projections.",Adds/removes structures only through an authorized plan; relation updates remain graph-domain typed.,"Creation, review, plan, and output refs bind to one cycle audit.",Restore structure collection and relation refs to baseline.,"Focused type/transition tests plus full-ICC structure route. Differential v0.1 behavior is classified, and lossy reverse conversion is rejected.",Cross-run continuity and retrieval remain Phase 12.,canon/ACI_Phase_8_Full_Pseudocode_Module_Canon.md;outputs/planning/current/aci_roadmap/ACI_ROADMAP_AND_MINI_TOC_v0.2.md;aci_prototype/docs/CANON_TO_CODE_STATUS.md;aci_prototype/aci/core.py;aci_prototype/aci/parser.py;aci_prototype/tests/test_parser_boundary.py;outputs/planning/current/phase_11_scope_lock/ACI_P11_SCOPE_LOCK_001/STEP_1_CLOSURE_AUDIT/TYPE_COMPATIBILITY_MATRIX.csv;outputs/planning/current/phase_11_scope_lock/ACI_P11_SCOPE_LOCK_001/STEP_1_CLOSURE_AUDIT/REVIEW_DEPENDENCY_DAG.json,P11-DEC-003;P11-DEC-004,Legitimate because Phase 11 roadmap explicitly owns full structure behavior and the target excludes general semantic parsing. Scope-lock status: APPROVED_SCOPE_LOCK. Implementation remains unauthorized. Compatibility classification does not determine runtime placement. Final authority remains AUTHORITATIVE_TRANSACTION_COMMIT; no algorithm owns application or commit. TYPE_POLICY: VERSIONED_PHASE11_CONTRACTS_WITH_EXPLICIT_V0_1_ADAPTERS. Accepted v0.1 remains independently executable and reproducibly archived.
8.2,SymbolicMetadata,Full SymbolicMetadata lifecycle,IMPLEMENTED_SIMPLIFIED,aci_prototype/aci/core.py;aci_prototype/aci/metadata.py,aci_prototype/tests/test_metadata_initialization.py;aci_prototype/tests/test_enums_and_models.py,"Epistemic status, scale, candidacy, authority, scores, uncertainty, and audit refs remain separate.","Full lineage, revision history, identity-impact, dependency, and constitutional-risk lifecycle.",FULL_INTEGRATED_PHASE_11,SymbolicMetadata;ScoreBundle;EpistemicMarker;RevisionRef;DependencyRef;RiskMarker,"Govern origin, scope, status, lineage, revision, risk, dependencies, and audit transitions.",Provenance as evidence; scale as authority; audit as truth.,8.1;8.6;8.7,8.3;8.4;8.9;8.16;8.18,P11-STAGE-02,"Typed lifecycle transitions reject incomplete or category-collapsed metadata. Phase 11 uses versioned contracts and explicit v0.1 adapters; runtime inputs must be complete durable records with backward-valid references, never representative projections.","Metadata changes require registered decision, plan, delta, and audit.",Every transition records prior/current status and authorizing refs.,Restore complete metadata snapshot without erasing aborted audit.,"Lifecycle/property tests plus cross-module metadata/evidence/graph tests. Differential v0.1 behavior is classified, and lossy reverse conversion is rejected.",Continuity consolidation and long-horizon drift remain Phases 12-13.,canon/ACI_Phase_8_Full_Pseudocode_Module_Canon.md;aci_prototype/docs/CANON_TO_CODE_STATUS.md;aci_prototype/aci/core.py;aci_prototype/aci/metadata.py;aci_prototype/tests/test_metadata_initialization.py;outputs/planning/current/phase_11_scope_lock/ACI_P11_SCOPE_LOCK_001/STEP_1_CLOSURE_AUDIT/TYPE_COMPATIBILITY_MATRIX.csv;outputs/planning/current/phase_11_scope_lock/ACI_P11_SCOPE_LOCK_001/STEP_1_CLOSURE_AUDIT/REVIEW_DEPENDENCY_DAG.json,P11-DEC-003;P11-DEC-004,Legitimate because full metadata is a Phase 11 output; later continuity/identity outcomes remain excluded. Scope-lock status: APPROVED_SCOPE_LOCK. Implementation remains unauthorized. Compatibility classification does not determine runtime placement. Final authority remains AUTHORITATIVE_TRANSACTION_COMMIT; no algorithm owns application or commit. TYPE_POLICY: VERSIONED_PHASE11_CONTRACTS_WITH_EXPLICIT_V0_1_ADAPTERS. Accepted v0.1 remains independently executable and reproducibly archived.
8.3,ArchitectureState,Expanded ArchitectureState,IMPLEMENTED_SIMPLIFIED,aci_prototype/aci/state.py;aci_prototype/aci/state_update.py;aci_prototype/aci/cycle.py,aci_prototype/tests/test_state_isolation.py;aci_prototype/tests/test_state_update_application.py;aci_prototype/tests/test_cycle_transaction.py,Visible state is cloned before application and exact domain deltas are computed.,"Persistent/distributed state, durable context, and full IdentityKernel state.",FULL_INTEGRATED_PHASE_11,ArchitectureState;StateBaseline;IdentityKernel;BudgetState;ThresholdState;GovernanceState;GraphSet,"Expose all Phase 11 domains, clone immutably, fingerprint, compare, and isolate working changes. Graph primitives precede aggregate integration; working state is isolated and tentative; authoritative state changes only at final commit, and terminalization failure preserves the baseline.",Hidden state; direct reviewer mutation; persistence/continuity claim.,8.1;8.2;8.4-8.10;8.4;8.5;8.6;8.9;8.10,8.14-8.17,P11-STAGE-04,"One typed aggregate with explicit domain ownership and lossless baseline/clone contracts. Phase 11 uses versioned contracts and explicit v0.1 adapters; runtime inputs must be complete durable records with backward-valid references, never representative projections.",Central container for authorized domain effects only.,"Baseline, plan, effects, delta, and terminal state bind to one audit.",Restore every changed in-memory domain to baseline equivalence.,"Snapshot/isolation/equivalence tests and transaction faults. Differential v0.1 behavior is classified, and lossy reverse conversion is rejected.",Durable state and continuity reports remain Phase 12 or later.,canon/ACI_Phase_8_Full_Pseudocode_Module_Canon.md;aci_prototype/docs/CANON_TO_CODE_STATUS.md;aci_prototype/aci/state.py;aci_prototype/aci/state_update.py;aci_prototype/aci/cycle.py;aci_prototype/tests/test_state_isolation.py;outputs/planning/current/phase_11_scope_lock/ACI_P11_SCOPE_LOCK_001/STEP_1_CLOSURE_AUDIT/TYPE_COMPATIBILITY_MATRIX.csv;outputs/planning/current/phase_11_scope_lock/ACI_P11_SCOPE_LOCK_001/STEP_1_CLOSURE_AUDIT/REVIEW_DEPENDENCY_DAG.json,P11-DEC-003;P11-DEC-006;P11-DEC-008,Legitimate because expanded visible state is required for integrated reviewers; storage technology is deferred. Scope-lock status: APPROVED_SCOPE_LOCK. Implementation remains unauthorized. Compatibility classification does not determine runtime placement. Final authority remains AUTHORITATIVE_TRANSACTION_COMMIT; no algorithm owns application or commit. TYPE_POLICY: VERSIONED_PHASE11_CONTRACTS_WITH_EXPLICIT_V0_1_ADAPTERS. Accepted v0.1 remains independently executable and reproducibly archived.
8.4,IdentityKernel,IdentityKernel implementation,STUBBED_DEFERRED,aci_prototype/aci/algorithms/stubs.py;aci_prototype/aci/core.py,aci_prototype/tests/test_protected_stubs.py,Identity-risk flags route conservatively to CGA without claiming continuity review.,"Kernel invariants, lineage continuity, impact comparison, non-compensable failures.",FULL_INTEGRATED_PHASE_11,IdentityKernel;InvariantRecord;IdentityImpact;InvariantComparison;NonCompensableFailure,Store protected invariants and support active IPA/AEA/CGA identity-impact review.,Functional identity; consciousness; cross-run identity continuity.,8.1-8.3;8.7;8.10;8.12;8.15,8.16;IPA;AEA;CGA,P11-STAGE-03,"Typed state/read boundary; algorithms return decisions and cannot rewrite invariants. Phase 11 uses versioned contracts and explicit v0.1 adapters; runtime inputs must be complete durable records with backward-valid references, never representative projections.",Identity-impact state changes require protected-change governance and rollback.,"Invariant version, comparison, decision, plan, and effect refs bind to audit.",Restore kernel snapshot; preserve attempted-change audit.,"Invariant comparison, non-compensable failure, protected-change, and no-continuity-claim tests. Differential v0.1 behavior is classified, and lossy reverse conversion is rejected.",Continuity resolution and functional identity remain Phases 12-13.,canon/ACI_Phase_8_Full_Pseudocode_Module_Canon.md;outputs/planning/current/aci_roadmap/ACI_ROADMAP_AND_MINI_TOC_v0.2.md;aci_prototype/docs/CANON_TO_CODE_STATUS.md;aci_prototype/aci/algorithms/stubs.py;aci_prototype/tests/test_protected_stubs.py;outputs/planning/current/phase_11_scope_lock/ACI_P11_SCOPE_LOCK_001/STEP_1_CLOSURE_AUDIT/TYPE_COMPATIBILITY_MATRIX.csv;outputs/planning/current/phase_11_scope_lock/ACI_P11_SCOPE_LOCK_001/STEP_1_CLOSURE_AUDIT/REVIEW_DEPENDENCY_DAG.json,P11-DEC-003;P11-DEC-009,Legitimate because the roadmap explicitly assigns IdentityKernel implementation to Phase 11 while later identity claims remain excluded. Scope-lock status: APPROVED_SCOPE_LOCK. Implementation remains unauthorized. Compatibility classification does not determine runtime placement. Final authority remains AUTHORITATIVE_TRANSACTION_COMMIT; no algorithm owns application or commit. TYPE_POLICY: VERSIONED_PHASE11_CONTRACTS_WITH_EXPLICIT_V0_1_ADAPTERS. Accepted v0.1 remains independently executable and reproducibly archived.
8.5,BudgetState,BudgetState implementation,SIMPLIFIED,aci_prototype/aci/state.py;aci_prototype/aci/algorithms/stubs.py;aci_prototype/aci/state_update.py,aci_prototype/tests/test_protected_stubs.py;aci_prototype/tests/test_state_update_application.py,"Five normalized budgets are state-visible, affect routing, and record authorized costs.","Dynamic regulation, restoration, and long-horizon accounting.",FULL_INTEGRATED_PHASE_11,BudgetState;BudgetKind;BudgetReservation;BudgetCost;BudgetRestoration,Make capacity constraints active in review/routing/planning with bounded audited updates.,Hidden capacity; budget pass as approval; learned long-horizon optimization.,8.3;8.6;8.8;8.14,SRA;NGSA;8.16,P11-STAGE-03,"Named bounded reads/reservations; only central application changes levels. Phase 11 uses versioned contracts and explicit v0.1 adapters; runtime inputs must be complete durable records with backward-valid references, never representative projections.",Authorized budget costs/restorations update visible state.,"Reservation, charge, restore, and terminal balance bind to audit.",Restore prior budget levels and reservation state.,"Bounds, exhaustion, restoration, route, and no-authority tests. Differential v0.1 behavior is classified, and lossy reverse conversion is rejected.",Learned/long-horizon regulation remains later work.,canon/ACI_Phase_8_Full_Pseudocode_Module_Canon.md;aci_prototype/docs/CANON_TO_CODE_STATUS.md;aci_prototype/aci/state.py;aci_prototype/aci/algorithms/stubs.py;aci_prototype/tests/test_protected_stubs.py;outputs/planning/current/phase_11_scope_lock/ACI_P11_SCOPE_LOCK_001/STEP_1_CLOSURE_AUDIT/TYPE_COMPATIBILITY_MATRIX.csv;outputs/planning/current/phase_11_scope_lock/ACI_P11_SCOPE_LOCK_001/STEP_1_CLOSURE_AUDIT/REVIEW_DEPENDENCY_DAG.json,P11-DEC-010,Legitimate because behaviorally active budgets are a direct Phase 11 output; learned dynamics are excluded. Scope-lock status: APPROVED_SCOPE_LOCK. Implementation remains unauthorized. Compatibility classification does not determine runtime placement. Final authority remains AUTHORITATIVE_TRANSACTION_COMMIT; no algorithm owns application or commit. TYPE_POLICY: VERSIONED_PHASE11_CONTRACTS_WITH_EXPLICIT_V0_1_ADAPTERS. Accepted v0.1 remains independently executable and reproducibly archived.
8.6,ThresholdState,ThresholdState implementation,SIMPLIFIED,aci_prototype/aci/state.py;aci_prototype/aci/metadata.py,aci_prototype/tests/test_metadata_initialization.py;aci_prototype/tests/test_gea.py;aci_prototype/tests/test_mssa.py,Named directional thresholds are visible; passing one does not grant status.,Learned calibration and governed amendment policy.,FULL_INTEGRATED_PHASE_11,ThresholdState;ThresholdName;ThresholdCheck;ThresholdAdjustment,Apply named directional checks across reviewers and allow only governed deterministic updates.,Scalar authority; threshold pass as truth/approval; learned calibration.,8.3;8.5;8.7;8.10;8.14,all algorithms;8.16,P11-STAGE-03,"Read-only reviewer access; changes only via registry-valid plan. Phase 11 uses versioned contracts and explicit v0.1 adapters; runtime inputs must be complete durable records with backward-valid references, never representative projections.",Authorized adjustment changes visible threshold state and delta.,Checks and adjustments bind to decisions and terminal audit.,Restore prior threshold values.,"Below/at/above and unauthorized-adjustment tests. Differential v0.1 behavior is classified, and lossy reverse conversion is rejected.",Learned calibration remains later or separately authorized.,canon/ACI_Phase_8_Full_Pseudocode_Module_Canon.md;aci_prototype/docs/CANON_TO_CODE_STATUS.md;aci_prototype/aci/state.py;aci_prototype/aci/metadata.py;aci_prototype/tests/test_metadata_initialization.py;outputs/planning/current/phase_11_scope_lock/ACI_P11_SCOPE_LOCK_001/STEP_1_CLOSURE_AUDIT/TYPE_COMPATIBILITY_MATRIX.csv;outputs/planning/current/phase_11_scope_lock/ACI_P11_SCOPE_LOCK_001/STEP_1_CLOSURE_AUDIT/REVIEW_DEPENDENCY_DAG.json,P11-DEC-010,"Legitimate because Phase 11 needs active deterministic thresholds, not learned calibration. Scope-lock status: APPROVED_SCOPE_LOCK. Implementation remains unauthorized. Compatibility classification does not determine runtime placement. Final authority remains AUTHORITATIVE_TRANSACTION_COMMIT; no algorithm owns application or commit. TYPE_POLICY: VERSIONED_PHASE11_CONTRACTS_WITH_EXPLICIT_V0_1_ADAPTERS. Accepted v0.1 remains independently executable and reproducibly archived."
8.7,ReviewDecision,Full ReviewDecision contract,IMPLEMENTED_SIMPLIFIED,aci_prototype/aci/core.py;aci_prototype/aci/review_context.py,aci_prototype/tests/test_review_dependencies.py;aci_prototype/tests/test_enums_and_models.py,"Typed judgment preserves status, scores, rationale, escalation, audit, and ordered provenance without mutation.",Full action vocabulary and richer review requirements/dependency declarations.,FULL_INTEGRATED_PHASE_11,ReviewDecision;ScoreBundle;DecisionAction;ReviewRequirement;DecisionProvenance;EscalationRequest,Return complete observational findings for all nine algorithms with declared dependencies and no mutation. Carry proposal and dependency references; remain observational; every actual decision receives an individual validation instance before downstream use.,Decision as applied state; escalation as approval; rationale as evidence.,8.1-8.6;8.11;8.12,8.13-8.18,P11-STAGE-02,"Immutable output validated against AlgorithmSpec before planning. Phase 11 uses versioned contracts and explicit v0.1 adapters; runtime inputs must be complete durable records with backward-valid references, never representative projections.",No direct effect; accepted decisions may become plan inputs after validation.,Decision/provenance/dependency refs append to audit.,No decision rollback; effects derived from decisions are reversible.,"Completeness, immutability, invalid-reference, and no-mutation tests. Differential v0.1 behavior is classified, and lossy reverse conversion is rejected.",Autonomous review promotion remains out of scope.,canon/ACI_Phase_8_Full_Pseudocode_Module_Canon.md;aci_prototype/docs/CANON_TO_CODE_STATUS.md;aci_prototype/aci/core.py;aci_prototype/aci/review_context.py;aci_prototype/tests/test_review_dependencies.py;outputs/planning/current/phase_11_scope_lock/ACI_P11_SCOPE_LOCK_001/STEP_1_CLOSURE_AUDIT/TYPE_COMPATIBILITY_MATRIX.csv;outputs/planning/current/phase_11_scope_lock/ACI_P11_SCOPE_LOCK_001/STEP_1_CLOSURE_AUDIT/REVIEW_DEPENDENCY_DAG.json,P11-DEC-003;P11-DEC-009,Legitimate because all algorithms require the shared observational result contract. Scope-lock status: APPROVED_SCOPE_LOCK. Implementation remains unauthorized. Compatibility classification does not determine runtime placement. Final authority remains AUTHORITATIVE_TRANSACTION_COMMIT; no algorithm owns application or commit. TYPE_POLICY: VERSIONED_PHASE11_CONTRACTS_WITH_EXPLICIT_V0_1_ADAPTERS. Accepted v0.1 remains independently executable and reproducibly archived.
8.8,AuditRecord,Complete integrated audit binding,IMPLEMENTED_EXTENDED,aci_prototype/aci/core.py;aci_prototype/aci/audit.py;aci_prototype/aci/cycle.py,aci_prototype/tests/test_cycle_transaction.py;aci_prototype/tests/test_enums_and_models.py,"Pending audit binds baseline, review, plan, effects, output, and exactly one terminal status.","Durable storage, search, signatures, and process-crash recovery.",INTEGRATED_WITH_EXPLICIT_LATER_PHASE_DEFERRAL,AuditRecord;AuditStatus;AuditEvent;AuditBinding;TerminalReason,"Bind every Phase 11 module route and transaction event to one exactly-once terminal record. Keep audit candidates private until authoritative commit; a completed cycle has exactly one terminal audit, while terminalization failure has none and permits no partial publication.",Audit as truth/evidence/approval; multiple terminal records for one cycle.,8.3;8.7;8.12-8.18,all modules,P11-STAGE-06,"Reserve once, append governed events, finalize COMMITTED or ABORTED once. Phase 11 uses versioned contracts and explicit v0.1 adapters; runtime inputs must be complete durable records with backward-valid references, never representative projections.",Audit log grows; domain state changes only through central transaction.,Complete baseline-to-output/abort chain with exact refs/fingerprints.,Abort preserves attempt audit; audit history is never rolled back.,"Double-finalization, omitted-event, output-binding, and fault tests. Differential v0.1 behavior is classified, and lossy reverse conversion is rejected.",Durable/signed audit infrastructure remains later.,canon/ACI_Phase_8_Full_Pseudocode_Module_Canon.md;aci_prototype/docs/CANON_TO_CODE_STATUS.md;aci_prototype/aci/audit.py;aci_prototype/aci/cycle.py;aci_prototype/tests/test_cycle_transaction.py;outputs/planning/current/phase_11_scope_lock/ACI_P11_SCOPE_LOCK_001/STEP_1_CLOSURE_AUDIT/TYPE_COMPATIBILITY_MATRIX.csv;outputs/planning/current/phase_11_scope_lock/ACI_P11_SCOPE_LOCK_001/STEP_1_CLOSURE_AUDIT/REVIEW_DEPENDENCY_DAG.json,P11-DEC-005;P11-DEC-006,"Legitimate deferral: integration requires complete logical audit semantics, not production durability. Scope-lock status: APPROVED_SCOPE_LOCK. Implementation remains unauthorized. Compatibility classification does not determine runtime placement. Final authority remains AUTHORITATIVE_TRANSACTION_COMMIT; no algorithm owns application or commit. TYPE_POLICY: VERSIONED_PHASE11_CONTRACTS_WITH_EXPLICIT_V0_1_ADAPTERS. Accepted v0.1 remains independently executable and reproducibly archived."
8.9,Graph Structures,Graph Structures implementation,IMPLEMENTED_SIMPLIFIED,aci_prototype/aci/graphs.py;aci_prototype/aci/evidence.py;aci_prototype/aci/state_update.py,aci_prototype/tests/test_graph_separation.py;aci_prototype/tests/test_category_collapse.py,"Memory, evidence, coherence, scale, and authority remain distinct; updates cite decision and audit.","General graph algorithms, complex queries, persistence, retrieval.",INTEGRATED_WITH_EXPLICIT_LATER_PHASE_DEFERRAL,MemoryGraph;EvidenceGraph;CoherenceGraph;ScaleGraph;AuthorityGraph;GraphRelation;GraphUpdate,Support typed relations and queries required by all Phase 11 reviewers while rejecting implicit cross-domain status transfer. Construct five distinct graph primitives in Stage 3 and integrate cross-domain state relations in Stage 4 without status transfer.,Memory as evidence; coherence as truth; scale as authority; graph persistence claim.,8.1-8.3;8.7;8.14;P11-STAGE-04 integrated-state relations,GEA;PCA;CRA;MSSA;CGA;8.16,P11-STAGE-03,"Domain-specific containers and validators with explicit relation refs. Phase 11 uses versioned contracts and explicit v0.1 adapters; runtime inputs must be complete durable records with backward-valid references, never representative projections.",Only authorized GraphUpdate operations affect their named domain.,Update decision/audit refs and before/after relations recorded.,Restore each changed graph domain from baseline.,"Domain-conformance, cross-domain attack, relation integrity, and restore tests. Differential v0.1 behavior is classified, and lossy reverse conversion is rejected.",Retrieval/continuity and durable graph storage remain Phase 12+.,canon/ACI_Phase_8_Full_Pseudocode_Module_Canon.md;aci_prototype/docs/CANON_TO_CODE_STATUS.md;aci_prototype/aci/graphs.py;aci_prototype/aci/evidence.py;aci_prototype/tests/test_graph_separation.py;outputs/planning/current/phase_11_scope_lock/ACI_P11_SCOPE_LOCK_001/STEP_1_CLOSURE_AUDIT/TYPE_COMPATIBILITY_MATRIX.csv;outputs/planning/current/phase_11_scope_lock/ACI_P11_SCOPE_LOCK_001/STEP_1_CLOSURE_AUDIT/REVIEW_DEPENDENCY_DAG.json,P11-DEC-005;P11-DEC-006,"Legitimate deferral: Phase 11 completes integration relations, not persistence or retrieval infrastructure. Scope-lock status: APPROVED_SCOPE_LOCK. Implementation remains unauthorized. Compatibility classification does not determine runtime placement. Final authority remains AUTHORITATIVE_TRANSACTION_COMMIT; no algorithm owns application or commit. TYPE_POLICY: VERSIONED_PHASE11_CONTRACTS_WITH_EXPLICIT_V0_1_ADAPTERS. Accepted v0.1 remains independently executable and reproducibly archived."
8.10,GovernanceState,GovernanceState implementation,IMPLEMENTED_SIMPLIFIED,aci_prototype/aci/state.py;aci_prototype/aci/algorithms/cga.py;aci_prototype/aci/state_update.py,aci_prototype/tests/test_cga.py;aci_prototype/tests/test_graph_separation.py,"Mode, AuthorityGraph, vetoes, pending escalations, and precedent memory stay visible.","Full precedent reasoning, legitimacy evidence, emergency and amendment machinery.",INTEGRATED_WITH_EXPLICIT_LATER_PHASE_DEFERRAL,GovernanceState;GovernanceMode;Veto;ProtectedChange;AuthorityConstraint;PrecedentRef,"Enforce explicit authority, veto, protected-change, escalation, and legitimacy boundaries across full state. Keep AuthorityGraph distinct; CGA review does not mutate governance state; constitutional amendment machinery remains excluded.",Authority as legitimacy; escalation/review as approval; constitutional self-amendment.,8.3;8.4;8.7;8.9;8.12;8.13,CGA;AEA;8.14-8.16,P11-STAGE-04,"Read-only governance review; registry-valid protected plans only. Phase 11 uses versioned contracts and explicit v0.1 adapters; runtime inputs must be complete durable records with backward-valid references, never representative projections.",Central application may record authorized governance changes excluding amendment.,"Claims, vetoes, authority checks, decisions, plan, and effects bind to audit.",Restore governance state while retaining aborted audit.,"Veto, protected-change, authority-ceiling, escalation, and amendment-refusal tests. Differential v0.1 behavior is classified, and lossy reverse conversion is rejected.","Production legitimacy, emergency, and amendment machinery remain later/out of scope.",canon/ACI_Phase_8_Full_Pseudocode_Module_Canon.md;aci_prototype/docs/CANON_TO_CODE_STATUS.md;aci_prototype/aci/state.py;aci_prototype/aci/algorithms/cga.py;aci_prototype/tests/test_cga.py;outputs/planning/current/phase_11_scope_lock/ACI_P11_SCOPE_LOCK_001/STEP_1_CLOSURE_AUDIT/TYPE_COMPATIBILITY_MATRIX.csv;outputs/planning/current/phase_11_scope_lock/ACI_P11_SCOPE_LOCK_001/STEP_1_CLOSURE_AUDIT/REVIEW_DEPENDENCY_DAG.json,P11-DEC-011,Legitimate deferral: full Phase 11 governance enforces existing constraints without authorizing amendment or external legitimacy. Scope-lock status: APPROVED_SCOPE_LOCK. Implementation remains unauthorized. Compatibility classification does not determine runtime placement. Final authority remains AUTHORITATIVE_TRANSACTION_COMMIT; no algorithm owns application or commit. TYPE_POLICY: VERSIONED_PHASE11_CONTRACTS_WITH_EXPLICIT_V0_1_ADAPTERS. Accepted v0.1 remains independently executable and reproducibly archived.
8.11,Algorithm Interface,Expanded shared algorithm interface,IMPLEMENTED_SIMPLIFIED,aci_prototype/aci/review_context.py;aci_prototype/aci/algorithms,aci_prototype/tests/test_review_dependencies.py;aci_prototype/tests/test_protected_stubs.py,Reviewers read isolated context and append decisions; they do not mutate authoritative state.,"Dynamic plugins, remote execution, general capability interface.",FULL_INTEGRATED_PHASE_11,AlgorithmProtocol;ReviewContext;AlgorithmInputContract;AlgorithmReadSet;ReviewDecision,Provide one typed invocation/read/dependency/output contract for all nine algorithms.,Direct mutation; undeclared reads; remote/plugin authority.,8.1-8.7;8.9;8.10,8.12;all algorithms;8.16,P11-STAGE-05,"Registered pure review function over isolated context. Phase 11 uses versioned contracts and explicit v0.1 adapters; runtime inputs must be complete durable records with backward-valid references, never representative projections.",No state/graph effect.,"Invocation, inputs, reads, dependencies, and decision refs bind to audit.",None for review; derived effects remain rollback-governed.,"Interface conformance, undeclared-read, mutation, and dependency tests. Differential v0.1 behavior is classified, and lossy reverse conversion is rejected.",Plugins and remote/distributed execution remain out of scope.,canon/ACI_Phase_8_Full_Pseudocode_Module_Canon.md;aci_prototype/docs/CANON_TO_CODE_STATUS.md;aci_prototype/aci/review_context.py;aci_prototype/tests/test_review_dependencies.py;outputs/planning/current/phase_11_scope_lock/ACI_P11_SCOPE_LOCK_001/STEP_1_CLOSURE_AUDIT/TYPE_COMPATIBILITY_MATRIX.csv;outputs/planning/current/phase_11_scope_lock/ACI_P11_SCOPE_LOCK_001/STEP_1_CLOSURE_AUDIT/REVIEW_DEPENDENCY_DAG.json,P11-DEC-003;P11-DEC-009,Legitimate because every Phase 11 algorithm must operate through a complete shared observational interface. Scope-lock status: APPROVED_SCOPE_LOCK. Implementation remains unauthorized. Compatibility classification does not determine runtime placement. Final authority remains AUTHORITATIVE_TRANSACTION_COMMIT; no algorithm owns application or commit. TYPE_POLICY: VERSIONED_PHASE11_CONTRACTS_WITH_EXPLICIT_V0_1_ADAPTERS. Accepted v0.1 remains independently executable and reproducibly archived.
8.12,AlgorithmRegistry,Algorithm Registry expansion,IMPLEMENTED,aci_prototype/aci/registry.py;aci_prototype/aci/state_update.py,aci_prototype/tests/test_registry_authority.py;aci_prototype/tests/test_state_update_planning.py,"Identity, decision scope, target scale, escalation, stubs, and self-modification are validated before planning.",Runtime registry amendment and dynamic plugin authority.,FULL_INTEGRATED_PHASE_11,AlgorithmSpec;AlgorithmRegistry;DecisionValidationResult;CapabilityScope;DependencySpec,"Register all nine algorithms and validate inputs, reads, scope, target, escalation, dependencies, and self-change. Represent all eight relationship classes, proposal validation, one validation per decision, AEA/CGA validation, and decision-set closure without a shared executable barrier.",Self-registration; circular authority; mutation before validation.,8.7;8.11,8.13-8.16;all algorithms,P11-STAGE-05,"Immutable registry is the sole decision-authority verifier. Phase 11 uses versioned contracts and explicit v0.1 adapters; runtime inputs must be complete durable records with backward-valid references, never representative projections.",No direct effect; only valid decisions can enter planning.,Validation result and rejection reasons bind to audit.,Registry remains immutable during cycle; package rollback removes Phase 11 registry.,"Completeness, scope/scale/authority, dependency, and self-change attack tests. Differential v0.1 behavior is classified, and lossy reverse conversion is rejected.",Dynamic registry amendment remains out of scope.,canon/ACI_Phase_8_Full_Pseudocode_Module_Canon.md;aci_prototype/docs/CANON_TO_CODE_STATUS.md;aci_prototype/aci/registry.py;aci_prototype/aci/state_update.py;aci_prototype/tests/test_registry_authority.py;outputs/planning/current/phase_11_scope_lock/ACI_P11_SCOPE_LOCK_001/STEP_1_CLOSURE_AUDIT/TYPE_COMPATIBILITY_MATRIX.csv;outputs/planning/current/phase_11_scope_lock/ACI_P11_SCOPE_LOCK_001/STEP_1_CLOSURE_AUDIT/REVIEW_DEPENDENCY_DAG.json,P11-DEC-009;P11-DEC-011,Legitimate because registry authority is already accepted and must expand to all nine complete Phase 11 reviewers. Scope-lock status: APPROVED_SCOPE_LOCK. Implementation remains unauthorized. Compatibility classification does not determine runtime placement. Final authority remains AUTHORITATIVE_TRANSACTION_COMMIT; no algorithm owns application or commit. TYPE_POLICY: VERSIONED_PHASE11_CONTRACTS_WITH_EXPLICIT_V0_1_ADAPTERS. Accepted v0.1 remains independently executable and reproducibly archived.
8.13,Escalation Pathways,Escalation Pathway activation,IMPLEMENTED_SIMPLIFIED,aci_prototype/aci/core.py;aci_prototype/aci/registry.py;aci_prototype/aci/state_update.py,aci_prototype/tests/test_state_update_planning.py;aci_prototype/tests/test_cga.py,"Escalation is typed, scoped, pending, auditable, and never approval.",Recursive resolution and cross-system escalation.,FULL_INTEGRATED_PHASE_11,EscalationEvent;EscalationRoute;EscalationDepth;VisitedRouteSignature;TerminationReason,"Route recursively within finite registered authority, detect loops, and preserve unresolved terminal state. Represent eleven internal nonordering routes, one bounded ICC second pass, and ten external/manual routes; every escalation opens a new event and grants no approval.",Escalation as approval; unbounded recursion; external authority assumption.,8.7;8.10-8.12,8.14;8.16;8.17,P11-STAGE-06,"Typed route validated by registry/governance and bounded by depth/signature. Phase 11 uses versioned contracts and explicit v0.1 adapters; runtime inputs must be complete durable records with backward-valid references, never representative projections.",Authorized application records pending escalation only.,"Each hop, reason, authority need, depth, and terminal outcome binds to audit.",Remove pending events created by aborted working state; preserve audit.,"Depth, loop, authority-ceiling, pending-not-approved, and abort tests. Differential v0.1 behavior is classified, and lossy reverse conversion is rejected.",Cross-system escalation remains later/out of scope.,canon/ACI_Phase_8_Full_Pseudocode_Module_Canon.md;aci_prototype/docs/CANON_TO_CODE_STATUS.md;aci_prototype/aci/core.py;aci_prototype/aci/registry.py;aci_prototype/tests/test_state_update_planning.py;outputs/planning/current/phase_11_scope_lock/ACI_P11_SCOPE_LOCK_001/STEP_1_CLOSURE_AUDIT/TYPE_COMPATIBILITY_MATRIX.csv;outputs/planning/current/phase_11_scope_lock/ACI_P11_SCOPE_LOCK_001/STEP_1_CLOSURE_AUDIT/REVIEW_DEPENDENCY_DAG.json,P11-DEC-007,"Legitimate because Phase 11 requires recursive activation, bounded to finite in-process routing. Scope-lock status: APPROVED_SCOPE_LOCK. Implementation remains unauthorized. Compatibility classification does not determine runtime placement. Final authority remains AUTHORITATIVE_TRANSACTION_COMMIT; no algorithm owns application or commit. TYPE_POLICY: VERSIONED_PHASE11_CONTRACTS_WITH_EXPLICIT_V0_1_ADAPTERS. Accepted v0.1 remains independently executable and reproducibly archived."
8.14,State Update Rules,State Update Rule enforcement,IMPLEMENTED,aci_prototype/aci/state_update.py,aci_prototype/tests/test_state_update_planning.py;aci_prototype/tests/test_state_update_application.py,Registry validation and conflict-checked planning precede centralized working-copy application.,Full speculative operation catalog and durable transactions.,FULL_INTEGRATED_PHASE_11,StateChangePlan;PlannedOperation;OperationDisposition;ConflictFinding;StateDelta,"Cover all Phase 11 state/graph/governance/budget/threshold effects through one plan/apply path. Stage 5 owns closed-decision planning and composition admissibility; Stage 6 owns tentative working-copy application. A plan cannot broaden reviewed authority, and no algorithm invokes application.",Reviewer mutation; unvalidated plan; durable transaction claim.,8.3;8.7-8.13;P11-STAGE-05 planning/admissibility contracts;P11-STAGE-06 tentative application,8.15-8.17,P11-STAGE-05,"Valid ReviewDecision -> registry validation -> conflict-checked plan -> isolated apply. Phase 11 uses versioned contracts and explicit v0.1 adapters; runtime inputs must be complete durable records with backward-valid references, never representative projections.",Only module permitted to apply authorized working-state operations.,"Validations, dispositions, conflicts, effects, and delta bind to audit.",Invoke scoped rollback restoration on failed/high-risk transaction.,"Operation catalog, conflict, attack, isolation, and exact-delta tests. Differential v0.1 behavior is classified, and lossy reverse conversion is rejected.",Durable/distributed transactions remain later.,canon/ACI_Phase_8_Full_Pseudocode_Module_Canon.md;aci_prototype/docs/CANON_TO_CODE_STATUS.md;aci_prototype/aci/state_update.py;aci_prototype/tests/test_state_update_planning.py;aci_prototype/tests/test_state_update_application.py;outputs/planning/current/phase_11_scope_lock/ACI_P11_SCOPE_LOCK_001/STEP_1_CLOSURE_AUDIT/TYPE_COMPATIBILITY_MATRIX.csv;outputs/planning/current/phase_11_scope_lock/ACI_P11_SCOPE_LOCK_001/STEP_1_CLOSURE_AUDIT/REVIEW_DEPENDENCY_DAG.json,P11-DEC-008;P11-DEC-009,"Legitimate because centralized complete Phase 11 operations are required, while durable infrastructure is not. Scope-lock status: APPROVED_SCOPE_LOCK. Implementation remains unauthorized. Compatibility classification does not determine runtime placement. Final authority remains AUTHORITATIVE_TRANSACTION_COMMIT; no algorithm owns application or commit. TYPE_POLICY: VERSIONED_PHASE11_CONTRACTS_WITH_EXPLICIT_V0_1_ADAPTERS. Accepted v0.1 remains independently executable and reproducibly archived."
8.15,Rollback Points,Rollback Point integration,IMPLEMENTED_SIMPLIFIED,aci_prototype/aci/core.py;aci_prototype/aci/state.py;aci_prototype/aci/state_update.py,aci_prototype/tests/test_state_update_application.py;aci_prototype/tests/test_cycle_transaction.py,High-risk accepted plans create scoped baseline-referenced rollback records before application.,Durable rollback graph and general crash-recovery engine.,FULL_INTEGRATED_PHASE_11,RollbackPoint;RollbackScope;RestorationPlan;RestorationResult;BaselineFingerprint,"Create before high-risk change and restore every changed in-memory domain to baseline equivalence. Separate reservation from completed readiness; low-risk failure discards the working copy, high-risk failure restores through the exact same-attempt readiness record, and no-application claims no rollback.",Rollback as approval; audit erasure; crash-safe/durable claim.,8.3;8.8;8.14,8.16;AEA,P11-STAGE-06,"Scoped pre-change snapshot plus deterministic restore verification. Phase 11 uses versioned contracts and explicit v0.1 adapters; runtime inputs must be complete durable records with backward-valid references, never representative projections.","Restoration reverses working-state effects, never audit history.","Creation, scope, restoration, verification, and terminal reason bind to audit.",This module is the rollback mechanism; failure blocks Phase 11.,"Precedence, multi-domain restore, equivalence, failure, and audit-preservation tests. Differential v0.1 behavior is classified, and lossy reverse conversion is rejected.",Durable recovery and identity-aware refusal remain Phases 12-13/later.,canon/ACI_Phase_8_Full_Pseudocode_Module_Canon.md;aci_prototype/docs/CANON_TO_CODE_STATUS.md;aci_prototype/aci/state_update.py;aci_prototype/tests/test_state_update_application.py;outputs/planning/current/phase_11_scope_lock/ACI_P11_SCOPE_LOCK_001/STEP_1_CLOSURE_AUDIT/TYPE_COMPATIBILITY_MATRIX.csv;outputs/planning/current/phase_11_scope_lock/ACI_P11_SCOPE_LOCK_001/STEP_1_CLOSURE_AUDIT/REVIEW_DEPENDENCY_DAG.json,P11-DEC-008,Legitimate because testable in-memory restoration is required for integrated high-risk operations. Scope-lock status: APPROVED_SCOPE_LOCK. Implementation remains unauthorized. Compatibility classification does not determine runtime placement. Final authority remains AUTHORITATIVE_TRANSACTION_COMMIT; no algorithm owns application or commit. TYPE_POLICY: VERSIONED_PHASE11_CONTRACTS_WITH_EXPLICIT_V0_1_ADAPTERS. Accepted v0.1 remains independently executable and reproducibly archived.
8.16,Integrated Cognitive Cycle,Full Integrated Cognitive Cycle expansion,IMPLEMENTED_CORRECTED,aci_prototype/aci/cycle.py;aci_prototype/aci/audit.py;aci_prototype/aci/output.py,aci_prototype/tests/test_integrated_cycle.py;aci_prototype/tests/test_cycle_transaction.py,One governed cycle commits completely or returns audited abort with baseline-equivalent domain state.,"Autonomous recursion, concurrency, distributed execution, process-crash durability.",FULL_INTEGRATED_PHASE_11,CycleConfiguration;CycleRoute;ReviewContext;StateChangePlan;CycleResult,"Orchestrate all modules and applicable algorithms with finite escalation and complete transaction/output binding. Route six candidate origins through field-derived nonexhaustive review grammar, three outcome-neutral transaction routes, pre-application abort, nonrecursive terminalization failure, and authoritative commit.",Autonomy; unbounded recursion; silent module omission; live-model dependency.,8.1-8.15,8.17;8.18,P11-STAGE-10,"Deterministic full call order with typed applicability/route trace. Phase 11 uses versioned contracts and explicit v0.1 adapters; runtime inputs must be complete durable records with backward-valid references, never representative projections.",Coordinates isolated state effects only through central update.,"One audit binds every route, decision, plan, effect, result, and failure.",Abort restores baseline-equivalent domains and preserves terminal audit.,"Twelve full-ICC scenarios plus injected failure at every boundary. Differential v0.1 behavior is classified, and lossy reverse conversion is rejected.","Continuity, autonomy, concurrency, and distributed/crash-safe execution remain later.",canon/ACI_Phase_8_Full_Pseudocode_Module_Canon.md;outputs/planning/current/aci_roadmap/ACI_ROADMAP_AND_MINI_TOC_v0.2.md;aci_prototype/docs/CANON_TO_CODE_STATUS.md;aci_prototype/aci/cycle.py;aci_prototype/tests/test_integrated_cycle.py;outputs/planning/current/phase_11_scope_lock/ACI_P11_SCOPE_LOCK_001/STEP_1_CLOSURE_AUDIT/TYPE_COMPATIBILITY_MATRIX.csv;outputs/planning/current/phase_11_scope_lock/ACI_P11_SCOPE_LOCK_001/STEP_1_CLOSURE_AUDIT/REVIEW_DEPENDENCY_DAG.json,P11-DEC-007;P11-DEC-009;P11-DEC-012,Legitimate because Phase 11 primary question is full integrated operation under deterministic governance. Scope-lock status: APPROVED_SCOPE_LOCK. Implementation remains unauthorized. Compatibility classification does not determine runtime placement. Final authority remains AUTHORITATIVE_TRANSACTION_COMMIT; no algorithm owns application or commit. TYPE_POLICY: VERSIONED_PHASE11_CONTRACTS_WITH_EXPLICIT_V0_1_ADAPTERS. Accepted v0.1 remains independently executable and reproducibly archived.
8.17,CycleResult,Expanded CycleResult,IMPLEMENTED_EXTENDED,aci_prototype/aci/core.py;aci_prototype/aci/cycle.py,aci_prototype/tests/test_cycle_transaction.py;aci_prototype/tests/test_output.py,"Status, output, state, audit, delta, unresolved, escalation, monitoring, and error remain typed.","Streaming, distributed, and multi-agent results.",FULL_INTEGRATED_PHASE_11,CycleResult;CycleStatus;StateDelta;UnresolvedItem;EscalationSummary;MonitoringRecord,"Bind complete full-module route and transaction result for committed/aborted cycles. Keep route, application disposition, transaction status, recovery, and derived outcome separate; emit no normal CycleResult on terminalization failure; bind pre-application abort to the exact abort and zero-effect delta.",Result as truth; output on aborted cycle; omitted unresolved/escalation state.,8.8;8.13-8.16;8.18,acceptance evidence,P11-STAGE-02,"Immutable terminal packet with cross-reference and fingerprint validation. Phase 11 uses versioned contracts and explicit v0.1 adapters; runtime inputs must be complete durable records with backward-valid references, never representative projections.",No direct effect; carries final state and exact delta.,Audit ref/status/fingerprint must equal terminal audit.,Result records restoration; cannot itself restore state.,"Committed/aborted completeness, mismatch, and serialization tests. Differential v0.1 behavior is classified, and lossy reverse conversion is rejected.",Streaming/distributed/multi-agent results remain later.,canon/ACI_Phase_8_Full_Pseudocode_Module_Canon.md;aci_prototype/docs/CANON_TO_CODE_STATUS.md;aci_prototype/aci/core.py;aci_prototype/aci/cycle.py;aci_prototype/tests/test_cycle_transaction.py;outputs/planning/current/phase_11_scope_lock/ACI_P11_SCOPE_LOCK_001/STEP_1_CLOSURE_AUDIT/TYPE_COMPATIBILITY_MATRIX.csv;outputs/planning/current/phase_11_scope_lock/ACI_P11_SCOPE_LOCK_001/STEP_1_CLOSURE_AUDIT/REVIEW_DEPENDENCY_DAG.json,P11-DEC-003;P11-DEC-005,Legitimate because full integration needs a complete terminal packet but not distributed result infrastructure. Scope-lock status: APPROVED_SCOPE_LOCK. Implementation remains unauthorized. Compatibility classification does not determine runtime placement. Final authority remains AUTHORITATIVE_TRANSACTION_COMMIT; no algorithm owns application or commit. The base result contract is Stage 2; full ICC integration is Stage 10. TYPE_POLICY: VERSIONED_PHASE11_CONTRACTS_WITH_EXPLICIT_V0_1_ADAPTERS. Accepted v0.1 remains independently executable and reproducibly archived.
8.18,OutputObject,Governed OutputObject integration,IMPLEMENTED_SIMPLIFIED,aci_prototype/aci/core.py;aci_prototype/aci/output.py,aci_prototype/tests/test_output.py;aci_prototype/tests/test_cycle_transaction.py,"Output preserves support, epistemic markers, tension, escalation, and finalized audit linkage; governance may return NO_OUTPUT.","Non-text actions, multimodal output, advanced language generation.",INTEGRATED_WITH_EXPLICIT_LATER_PHASE_DEFERRAL,OutputObject;OutputType;SupportRef;EpistemicMarker;TensionRef;OutputBinding,Render bounded deterministic output from authorized reviewed state with exact audit/support binding. Keep provisional output private; require exact audit/output fingerprint identity; publish no partial output; preserve explicit NO_OUTPUT.,Output as truth; provenance as evidence; action execution; general language claim.,8.2;8.7-8.10;8.13;8.16;8.17,external consumers,P11-STAGE-02,"Only reviewed/authorized structures may be expressed; NO_OUTPUT remains legitimate. Phase 11 uses versioned contracts and explicit v0.1 adapters; runtime inputs must be complete durable records with backward-valid references, never representative projections.",No domain effect.,Content/support/fingerprint and final audit ref/status must match.,No output on abort; output-binding failure triggers abort/restoration.,"Authorization, support, marker, tension, NO_OUTPUT, and binding tests. Differential v0.1 behavior is classified, and lossy reverse conversion is rejected.",Multimodal/action output and external validation remain later.,canon/ACI_Phase_8_Full_Pseudocode_Module_Canon.md;aci_prototype/docs/CANON_TO_CODE_STATUS.md;aci_prototype/aci/output.py;aci_prototype/tests/test_output.py;outputs/planning/current/phase_11_scope_lock/ACI_P11_SCOPE_LOCK_001/STEP_1_CLOSURE_AUDIT/TYPE_COMPATIBILITY_MATRIX.csv;outputs/planning/current/phase_11_scope_lock/ACI_P11_SCOPE_LOCK_001/STEP_1_CLOSURE_AUDIT/REVIEW_DEPENDENCY_DAG.json,P11-DEC-003;P11-DEC-005;P11-DEC-012,"Legitimate deferral: Phase 11 completes governed output binding, not general generation or production action. Scope-lock status: APPROVED_SCOPE_LOCK. Implementation remains unauthorized. Compatibility classification does not determine runtime placement. Final authority remains AUTHORITATIVE_TRANSACTION_COMMIT; no algorithm owns application or commit. The base output contract is Stage 2; full ICC integration is Stage 10. TYPE_POLICY: VERSIONED_PHASE11_CONTRACTS_WITH_EXPLICIT_V0_1_ADAPTERS. Accepted v0.1 remains independently executable and reproducibly archived."
