algorithm_id,algorithm_name,current_status,current_code_paths,current_test_paths,phase_11_target,permitted_inputs,required_state_reads,required_graph_reads,required_budget_reads,required_threshold_checks,review_decision_output,permitted_escalations,prohibited_mutations,registry_authority,dependencies,proposed_build_stage,focused_test_oracle,integration_test_oracle,later_phase_boundary,open_decision_ids,notes
IPA,Identity Preservation Algorithm,PROTECTED_STUB,aci_prototype/aci/algorithms/stubs.py,aci_prototype/tests/test_protected_stubs.py,Active IdentityKernel impact/invariant comparison and non-compensable failure review.,SymbolicStructure;SymbolicMetadata;IdentityKernel;ReviewContext;CompleteDurableRecordsOnly;ReviewRequirementSet;ValidatedDecisionRefs,identity_kernel;governance_state;threshold_state,authority_graph;coherence_graph,stability_budget,identity_risk;invariant_change,"ReviewDecision with identity impact, violated invariants, compensability, route, rationale, provenance.",CGA;manual protected-change review,Any IdentityKernel/state/graph mutation; functional-identity assertion. Requirement-set or plan mutation; state application; recovery; terminal validation; authoritative commit; terminalization-failure ownership; projection use as runtime input.,Registered IPA may read declared identity inputs and recommend only scoped actions/escalation. Ordinary references must be backward-valid; newly discovered material review opens a new bounded ICC event.,8.4;8.7;8.10-8.13,P11-STAGE-08,Non-compensable failure and unchanged-input fingerprint tests.,Identity-risk full ICC routes IPA before AEA/CGA and never claims continuity.,Cross-run identity and functional identity remain Phases 12-13.,P11-DEC-003;P11-DEC-009,"Real deterministic review replaces routing stub; no continuity claim. Scope-lock status: APPROVED_SCOPE_LOCK. Implementation remains unauthorized. Review is observational; implementation remains unauthorized. CGA is a permitted escalation and downstream constitutional consumer, not a prior dependency. TYPE_POLICY: VERSIONED_PHASE11_CONTRACTS_WITH_EXPLICIT_V0_1_ADAPTERS. Accepted v0.1 remains independently executable and reproducibly archived."
SRA,Stability Regulation Algorithm,PROTECTED_STUB,aci_prototype/aci/algorithms/stubs.py,aci_prototype/tests/test_protected_stubs.py,"Review disturbance, stability, recovery route, cost, and bounded budget/threshold response.",ReviewContext;ArchitectureState;DisturbanceFixture;RecoveryOption;CompleteDurableRecordsOnly;ReviewRequirementSet;ValidatedDecisionRefs,budget_state;threshold_state;governance_state,coherence_graph;authority_graph,all declared stability/recovery budgets,stability_floor;recovery_cost;escalation_threshold,"ReviewDecision with stability assessment, recovery recommendation, cost, escalation, provenance.",CGA;bounded recovery review,Any direct budget/threshold/state change; learned policy update. Requirement-set or plan mutation; state application; recovery; terminal validation; authoritative commit; terminalization-failure ownership; projection use as runtime input.,Registered SRA may recommend scoped stabilization/recovery within authority ceiling. Ordinary references must be backward-valid; newly discovered material review opens a new bounded ICC event.,8.3;8.5-8.7;8.10-8.13,P11-STAGE-08,Below/at/above stability and budget-exhaustion tests.,Fault/recovery cycle chooses bounded route and preserves audit/rollback.,Learned long-horizon dynamics remain later.,P11-DEC-009;P11-DEC-010,Real deterministic regulation review replaces routing stub. Scope-lock status: APPROVED_SCOPE_LOCK. Implementation remains unauthorized. Review is observational; implementation remains unauthorized. TYPE_POLICY: VERSIONED_PHASE11_CONTRACTS_WITH_EXPLICIT_V0_1_ADAPTERS. Accepted v0.1 remains independently executable and reproducibly archived.
NGSA,Novelty Generation and Sandboxing Algorithm,PROTECTED_STUB,aci_prototype/aci/algorithms/stubs.py,aci_prototype/tests/test_protected_stubs.py,"Construct or import one complete verified seventeen-field NoveltyCandidateProposal after its pending audit exists, then emit an observational ReviewDecision that references the proposal; grant no novelty promotion.",SymbolicStructure;ReviewContext;NoveltyFixture;SandboxPolicy;PendingAuditRecord;CompleteDurableRecordsOnly;ReviewRequirementSet;ValidatedDecisionRefs,budget_state;threshold_state;governance_state,memory_graph;coherence_graph;authority_graph,novelty_budget;review_budget,novelty_risk;containment;promotion,"ReviewDecision whose proposal_refs field references one complete NoveltyCandidateProposal containing exactly: proposal_id, source_input_refs, source_structure_refs, proposed_structure, provenance_refs, candidate_status, sandbox_scope, budget_observations, threshold_observations, containment_constraints, permitted_review_routes, prohibited_uses, no_new_authority, no_grounding_grant, no_persistence, not_active_state, audit_ref.",CGA;manual provenance review,Candidate promotion; state mutation; model invocation; authority from novelty. Requirement-set or plan mutation; state application; recovery; terminal validation; authoritative commit; terminalization-failure ownership; projection use as runtime input.,Registered NGSA may construct or import one complete proposal after the pending audit exists and may return an observational ReviewDecision whose proposal_refs references that existing proposal. proposal.audit_ref must resolve backward to the pending audit; the proposal cannot reference its own decision. NGSA cannot apply or promote the proposal. Ordinary references must be backward-valid; newly discovered material review opens a new bounded ICC event.,8.1;8.2;8.5-8.7;8.9-8.13,P11-STAGE-08,"Exact proposal field-set equality against the verified Step 1 contract; reject missing or extra fields and source_decision_ref; require a non-null backward-valid pending-audit audit_ref; require proposal-before-decision and decision-to-existing-proposal ordering; reject proposal/decision cycles and future decision placeholders; require four fixed invariants true; require no model, mutation, promotion, or authority grant.","Sandboxed novelty ICC validates the complete proposal separately before proposal-conditioned review, validates the NGSA decision separately, and permits downstream consumers to use only the validated proposal and decision while preserving one-way acyclic lineage and no authority.",Autonomous generative model and self-promotion remain out of scope.,P11-DEC-009,"Candidate generation may be deterministic; Phase 11 does not require a model. Scope-lock status: APPROVED_SCOPE_LOCK. Implementation remains unauthorized. Review is observational; implementation remains unauthorized. The proposal contains exactly the seventeen governing Step 1 fields, excludes source_decision_ref, and binds audit_ref backward to the pending audit. The NGSA ReviewDecision references the existing proposal through proposal_refs; the proposal never references its own decision. Proposal validation and decision validation remain separate. The four proposal invariants no_new_authority, no_grounding_grant, no_persistence, and not_active_state are fixed true. TYPE_POLICY: VERSIONED_PHASE11_CONTRACTS_WITH_EXPLICIT_V0_1_ADAPTERS. Accepted v0.1 remains independently executable and reproducibly archived."
GEA,Grounding Evaluation Algorithm,IMPLEMENTED_SIMPLIFIED,aci_prototype/aci/algorithms/gea.py,aci_prototype/tests/test_gea.py,"Evaluate full metadata, EvidenceLink, evidence graph, thresholds, and decision contract.",SymbolicStructure;SymbolicMetadata;EvidenceObject;EvidenceLink;ReviewContext;CompleteDurableRecordsOnly;ReviewRequirementSet;ValidatedDecisionRefs,threshold_state;governance_state,evidence_graph;authority_graph,evidence_review_budget,grounding_accept;grounding_escalate,"ReviewDecision with grounding assessment, evidence refs, uncertainty, route, provenance.",CGA;manual evidence review,Grounding increase without valid typed evidence; any state/graph mutation. Requirement-set or plan mutation; state application; recovery; terminal validation; authoritative commit; terminalization-failure ownership; projection use as runtime input.,Registered GEA owns grounding review only within declared evidence scope. Ordinary references must be backward-valid; newly discovered material review opens a new bounded ICC event.,8.2;8.6-8.12,P11-STAGE-07,"Valid/invalid link, reference, threshold, and no-evidence tests.",Evidence-driven ICC increases grounding only through accepted EvidenceLink.,Unrestricted retrieval and external validation remain later.,P11-DEC-003;P11-DEC-009,Expands accepted executable reviewer to full Phase 11 contracts. Scope-lock status: APPROVED_SCOPE_LOCK. Implementation remains unauthorized. Review is observational; implementation remains unauthorized. TYPE_POLICY: VERSIONED_PHASE11_CONTRACTS_WITH_EXPLICIT_V0_1_ADAPTERS. Accepted v0.1 remains independently executable and reproducibly archived.
PCA,Persistence and Consolidation Algorithm,IMPLEMENTED_SIMPLIFIED,aci_prototype/aci/algorithms/pca.py,aci_prototype/tests/test_pca.py,"Review lineage, dependency, revision, reconstruction, and persistence candidacy without continuity.",SymbolicStructure;SymbolicMetadata;ReviewContext;PersistenceFixture;CompleteDurableRecordsOnly;ReviewRequirementSet;ValidatedDecisionRefs,threshold_state;governance_state,memory_graph;evidence_graph;coherence_graph;authority_graph,persistence_budget;review_budget,persistence;dependency;reconstruction,"ReviewDecision with candidate status, lineage/dependency findings, route, provenance.",CGA;manual reconstruction review,Persistence application; memory/evidence collapse; continuity claim. Requirement-set or plan mutation; state application; recovery; terminal validation; authoritative commit; terminalization-failure ownership; projection use as runtime input.,"Registered PCA may recommend persistence candidacy/relations, never apply them. Ordinary references must be backward-valid; newly discovered material review opens a new bounded ICC event.",8.2;8.6-8.12,P11-STAGE-07,Lineage/dependency/revision/reconstruction and no-continuity tests.,Persistence ICC plans only registry-valid updates and does not create evidence.,Cross-run continuity and retrieval remain Phase 12.,P11-DEC-003;P11-DEC-009,Expands accepted persistence review while preserving candidacy/achieved-state separation. Scope-lock status: APPROVED_SCOPE_LOCK. Implementation remains unauthorized. Review is observational; implementation remains unauthorized. TYPE_POLICY: VERSIONED_PHASE11_CONTRACTS_WITH_EXPLICIT_V0_1_ADAPTERS. Accepted v0.1 remains independently executable and reproducibly archived.
CRA,Coherence Repair Algorithm,IMPLEMENTED_SIMPLIFIED,aci_prototype/aci/algorithms/cra.py,aci_prototype/tests/test_cra.py,"Review typed relations, contradictions, compatibility, unresolved tension, and grounding precedence.",SymbolicStructure;SymbolicMetadata;ReviewContext;PropositionFixture;CompleteDurableRecordsOnly;ReviewRequirementSet;ValidatedDecisionRefs,threshold_state;governance_state,coherence_graph;evidence_graph;memory_graph,coherence_budget;review_budget,coherence;tension;repair,"ReviewDecision with relation findings, tension, repair candidate, route, provenance.",GEA;CGA;manual unresolved-tension review,Truth/grounding increase from coherence; direct relation mutation. Requirement-set or plan mutation; state application; recovery; terminal validation; authoritative commit; terminalization-failure ownership; projection use as runtime input.,Registered CRA owns coherence findings only and cannot overrule grounding. Ordinary references must be backward-valid; newly discovered material review opens a new bounded ICC event.,8.2;8.6-8.12;GEA,P11-STAGE-07,Contradiction/compatibility/tension and grounding-precedence tests.,Coherence ICC preserves unresolved tension and separately governed evidence.,General language reasoning remains out of scope.,P11-DEC-009,Expands accepted relation-aware reviewer without manufacturing agreement. Scope-lock status: APPROVED_SCOPE_LOCK. Implementation remains unauthorized. Review is observational; implementation remains unauthorized. TYPE_POLICY: VERSIONED_PHASE11_CONTRACTS_WITH_EXPLICIT_V0_1_ADAPTERS. Accepted v0.1 remains independently executable and reproducibly archived.
MSSA,Multi-Scale Synchronization Algorithm,IMPLEMENTED_SIMPLIFIED,aci_prototype/aci/algorithms/mssa.py,aci_prototype/tests/test_mssa.py,Synchronize achieved/requested scale and authority constraints without promotion from scale.,SymbolicStructure;SymbolicMetadata;ReviewContext;ScaleFixture;CompleteDurableRecordsOnly;ReviewRequirementSet;ValidatedDecisionRefs,threshold_state;governance_state,scale_graph;authority_graph,scale_review_budget,scale_jump;authority_ceiling,"ReviewDecision with jump direction, alignment, candidacy, authority conflict, route, provenance.",CGA;manual scale conflict review,Authority promotion; achieved-scale mutation; direct graph/state change. Requirement-set or plan mutation; state application; recovery; terminal validation; authoritative commit; terminalization-failure ownership; projection use as runtime input.,"Registered MSSA owns scale-alignment review, not authority grants. Ordinary references must be backward-valid; newly discovered material review opens a new bounded ICC event.",8.2;8.6-8.12,P11-STAGE-07,"Up/down jump, authority ceiling, candidacy separation, demotion tests.",Scale-conflict ICC never grants authority from scale or repetition.,Distributed/multi-system scale synchronization remains later.,P11-DEC-009,Expands accepted reviewer while preserving scale/authority separation. Scope-lock status: APPROVED_SCOPE_LOCK. Implementation remains unauthorized. Review is observational; implementation remains unauthorized. TYPE_POLICY: VERSIONED_PHASE11_CONTRACTS_WITH_EXPLICIT_V0_1_ADAPTERS. Accepted v0.1 remains independently executable and reproducibly archived.
AEA,Architectural Evolution Algorithm,PROTECTED_STUB,aci_prototype/aci/algorithms/stubs.py,aci_prototype/tests/test_protected_stubs.py,"Govern architectural-candidate review through identity, stability, registry, rollback, and governance dependencies.",SymbolicStructure;SymbolicMetadata;ReviewContext;ArchitectureCandidateFixture;CompleteDurableRecordsOnly;ReviewRequirementSet;ValidatedDecisionRefs,identity_kernel;budget_state;threshold_state;governance_state,coherence_graph;authority_graph;memory_graph,architecture_review_budget;stability_budget,identity_impact;stability;rollback;protected_change,"ReviewDecision with candidate status, dependency decisions, risk, rollback need, route, provenance.",IPA;SRA;CGA;manual protected-change review,Any architecture/state mutation; self-promotion; invariant rewrite. Requirement-set or plan mutation; state application; recovery; terminal validation; authoritative commit; terminalization-failure ownership; projection use as runtime input.,"Registered AEA may return an observational ReviewDecision only after validated IPA, validated SRA, applicable validated domain decisions, and validated candidate/proposal identity; it performs no planning or mutation. Ordinary references must be backward-valid.",8.4-8.7;8.9-8.13;8.15;IPA;SRA;validated IPA;validated SRA;applicable validated domain decisions;validated candidate/proposal identity,P11-STAGE-08,"Missing-dependency, identity/stability/rollback/governance and no-mutation tests.",Architectural-candidate ICC creates no plan until every dependency and registry check passes.,Autonomous self-modification and identity-preserving refinement remain Phase 13.,P11-DEC-009;P11-DEC-011,Real review replaces routing stub; centralized planning remains separate. Scope-lock status: APPROVED_SCOPE_LOCK. Implementation remains unauthorized. Review is observational; implementation remains unauthorized. Prior CGA is not required; CGA consumes validated AEA when architectural review applies. TYPE_POLICY: VERSIONED_PHASE11_CONTRACTS_WITH_EXPLICIT_V0_1_ADAPTERS. Accepted v0.1 remains independently executable and reproducibly archived.
CGA,Constitutional Governance Algorithm,IMPLEMENTED_SIMPLIFIED,aci_prototype/aci/algorithms/cga.py,aci_prototype/tests/test_cga.py,"Review full state, authority, veto, protected change, escalation, and legitimacy boundaries.",SymbolicStructure;SymbolicMetadata;ReviewContext;GovernanceClaim;DependencyDecisions;CompleteDurableRecordsOnly;ReviewRequirementSet;ValidatedDecisionRefs,governance_state;identity_kernel;threshold_state,authority_graph;coherence_graph;memory_graph,governance_review_budget,authority;veto;protected_change;escalation,"ReviewDecision with claims, authority/veto findings, mode recommendation, route, provenance.",manual constitutional review;typed amendment-review delay,Governance amendment/application; authority creation; direct state mutation. Requirement-set or plan mutation; state application; recovery; terminal validation; authoritative commit; terminalization-failure ownership; projection use as runtime input.,"Registered CGA is the terminal constitutional reviewer when applicable within the existing constitution; it consumes validated inputs, grants no amendment authority, and performs no mutation. Ordinary references must be backward-valid.",8.3;8.4;8.6-8.13;validated base decisions;validated AEA when architectural review applies,P11-STAGE-09,Authority/veto/protected-change/escalation/amendment-refusal tests.,Governance ICC blocks unauthorized effect and records unresolved escalation without approval.,Constitutional amendment and production legitimacy remain out of scope.,P11-DEC-009;P11-DEC-011,"Expands accepted reviewer to full Phase 11 state while preserving amendment deferral. Scope-lock status: APPROVED_SCOPE_LOCK. Implementation remains unauthorized. Review is observational; implementation remains unauthorized. CGA is not an upstream dependency of IPA, SRA, NGSA, or AEA; typed amendment-review delay remains non-mutating. TYPE_POLICY: VERSIONED_PHASE11_CONTRACTS_WITH_EXPLICIT_V0_1_ADAPTERS. Accepted v0.1 remains independently executable and reproducibly archived."
